INSERT INTO employerr.user (id, created_at, last_edited_at, active, email, first_name, last_name, password, registration_email, role, salary, contact_id) VALUES (1, '2023-01-15 11:39:37', '2023-01-15 11:40:15', true, 'admin@employerr.com', 'Arno코tek', '말mrav칳', '$2a$10$ZSMA7l8SYxYH6SVll6E.UuYZG1FPkfQrtPnJJ6oR/4bDHb6Hkly2e', 'admin@employerr.com', 'ADMIN', 10, 1);
INSERT INTO employerr.user (id, created_at, last_edited_at, active, email, first_name, last_name, password, registration_email, role, salary, contact_id) VALUES (2, '2023-01-15 11:45:12', '2023-01-15 11:58:59', true, 'todd@employerr.com', 'Michael', 'Todd', '$2a$10$ZSMA7l8SYxYH6SVll6E.UuYZG1FPkfQrtPnJJ6oR/4bDHb6Hkly2e', 'MichaelATodd@jourra.com', 'OWNER', 30, 2);
INSERT INTO employerr.user (id, created_at, last_edited_at, active, email, first_name, last_name, password, registration_email, role, salary, contact_id) VALUES (3, '2023-01-15 11:46:19', '2023-01-15 11:58:59', true, 'byers@employerr.com', 'Russell', 'Byers', '$2a$10$ZSMA7l8SYxYH6SVll6E.UuYZG1FPkfQrtPnJJ6oR/4bDHb6Hkly2e', 'RussellSByers@jourra.com', 'MANAGER', 20, 3);
INSERT INTO employerr.user (id, created_at, last_edited_at, active, email, first_name, last_name, password, registration_email, role, salary, contact_id) VALUES (4, '2023-01-15 11:47:07', '2023-01-15 11:58:59', true, 'wilke@employerr.com', 'Michael', 'Wilke', '$2a$10$ZSMA7l8SYxYH6SVll6E.UuYZG1FPkfQrtPnJJ6oR/4bDHb6Hkly2e', 'MichaelAWilke@armyspy.com', 'MANAGER', 20, 4);
INSERT INTO employerr.user (id, created_at, last_edited_at, active, email, first_name, last_name, password, registration_email, role, salary, contact_id) VALUES (5, '2023-01-15 11:47:45', '2023-01-15 11:58:59', true, 'lee@employerr.com', 'David', 'Lee', '$2a$10$ZSMA7l8SYxYH6SVll6E.UuYZG1FPkfQrtPnJJ6oR/4bDHb6Hkly2e', 'DavidJLee@armyspy.com', 'MANAGER', 20, 5);
INSERT INTO employerr.user (id, created_at, last_edited_at, active, email, first_name, last_name, password, registration_email, role, salary, contact_id) VALUES (6, '2023-01-15 11:48:47', '2023-01-15 11:58:59', true, 'crawford@employerr.com', 'John', 'Crawford', '$2a$10$ZSMA7l8SYxYH6SVll6E.UuYZG1FPkfQrtPnJJ6oR/4bDHb6Hkly2e', 'crawford@rhyta.com', 'EMPLOYEE', 15, 6);
INSERT INTO employerr.user (id, created_at, last_edited_at, active, email, first_name, last_name, password, registration_email, role, salary, contact_id) VALUES (7, '2023-01-15 11:49:25', '2023-01-15 11:58:59', true, 'lawrence@employerr.com', 'Thoma', 'Lawrence', '$2a$10$ZSMA7l8SYxYH6SVll6E.UuYZG1FPkfQrtPnJJ6oR/4bDHb6Hkly2e', 'LawrenceMThoma@jourrapide.com', 'EMPLOYEE', 15, 7);
INSERT INTO employerr.user (id, created_at, last_edited_at, active, email, first_name, last_name, password, registration_email, role, salary, contact_id) VALUES (8, '2023-01-15 11:52:30', '2023-01-15 11:58:59', true, 'mead@employerr.com', 'Jeff', 'Mead', '$2a$10$ZSMA7l8SYxYH6SVll6E.UuYZG1FPkfQrtPnJJ6oR/4bDHb6Hkly2e', 'jeffMead@dayrep.com', 'EMPLOYEE', 15, 8);
INSERT INTO employerr.user (id, created_at, last_edited_at, active, email, first_name, last_name, password, registration_email, role, salary, contact_id) VALUES (9, '2023-01-15 11:53:00', '2023-01-15 11:58:59', true, 'beaudette@employerr.com', 'Cora', 'Beaudette', '$2a$10$ZSMA7l8SYxYH6SVll6E.UuYZG1FPkfQrtPnJJ6oR/4bDHb6Hkly2e', 'corab@teleworm.us', 'EMPLOYEE', 15, 9);
INSERT INTO employerr.user (id, created_at, last_edited_at, active, email, first_name, last_name, password, registration_email, role, salary, contact_id) VALUES (10, '2023-01-15 11:53:22', '2023-01-15 11:58:59', true, 'pacheco@employerr.com', 'Alexis', 'Pacheco', '$2a$10$ZSMA7l8SYxYH6SVll6E.UuYZG1FPkfQrtPnJJ6oR/4bDHb6Hkly2e', 'pacheco@gmail.coom', 'EMPLOYEE', 12, 10);
INSERT INTO employerr.user (id, created_at, last_edited_at, active, email, first_name, last_name, password, registration_email, role, salary, contact_id) VALUES (11, '2023-01-15 11:53:56', '2023-01-15 11:58:59', true, 'holcomb@employerr.com', 'Martha', 'Holcomb', '$2a$10$ZSMA7l8SYxYH6SVll6E.UuYZG1FPkfQrtPnJJ6oR/4bDHb6Hkly2e', 'holcomb@takeL.com', 'EMPLOYEE', 10, 11);
INSERT INTO employerr.user (id, created_at, last_edited_at, active, email, first_name, last_name, password, registration_email, role, salary, contact_id) VALUES (12, '2023-01-15 11:55:06', '2023-01-15 11:58:59', true, 'simrava@employerr.com', 'Martina', '말mrav치', '$2a$10$ZSMA7l8SYxYH6SVll6E.UuYZG1FPkfQrtPnJJ6oR/4bDHb6Hkly2e', 'simrava@seznam.com', 'EMPLOYEE', 10, 12);
INSERT INTO employerr.user (id, created_at, last_edited_at, active, email, first_name, last_name, password, registration_email, role, salary, contact_id) VALUES (13, '2023-01-15 11:55:38', '2023-01-15 11:58:59', true, 'poskocil@employerr.com', 'Andrej', 'Posko캜il', '$2a$10$ZSMA7l8SYxYH6SVll6E.UuYZG1FPkfQrtPnJJ6oR/4bDHb6Hkly2e', 'poskocilKSimrave@ggmail.com', 'EMPLOYEE', 10, 13);
INSERT INTO employerr.user (id, created_at, last_edited_at, active, email, first_name, last_name, password, registration_email, role, salary, contact_id) VALUES (14, '2023-01-15 11:57:10', '2023-01-15 11:58:59', true, 'willcumson@employerr.com', 'Roman', 'Willcumson', '$2a$10$ZSMA7l8SYxYH6SVll6E.UuYZG1FPkfQrtPnJJ6oR/4bDHb6Hkly2e', 'romanwill@ppay.com', 'EMPLOYEE', 5, 14);
INSERT INTO employerr.contact (id, created_at, last_edited_at, bank_account, city, phone, state, street, zip_code) VALUES (1, '2023-01-15 11:39:37', '2023-01-15 12:28:25', '31334730', 'Brno', '732764892', 'Czech Republic', 'Popel치콏sk치 196/15', '602 01');
INSERT INTO employerr.contact (id, created_at, last_edited_at, bank_account, city, phone, state, street, zip_code) VALUES (2, '2023-01-15 11:45:12', '2023-01-15 12:28:25', '315334730', 'Tulsa', '609-324-9723', 'United States of America', '2489 Heather Sees Way', 'OK 74105');
INSERT INTO employerr.contact (id, created_at, last_edited_at, bank_account, city, phone, state, street, zip_code) VALUES (3, '2023-01-15 11:46:19', '2023-01-15 12:28:25', '13484891', 'Tulsa', '667-787-7484', 'United States of America', '2454 Random Street', 'OK 74105');
INSERT INTO employerr.contact (id, created_at, last_edited_at, bank_account, city, phone, state, street, zip_code) VALUES (4, '2023-01-15 11:47:07', '2023-01-15 12:28:25', '153489412', 'Tulsa', '878-787-4777', 'United States of America', '1532 Eastwood', 'OK 74105');
INSERT INTO employerr.contact (id, created_at, last_edited_at, bank_account, city, phone, state, street, zip_code) VALUES (5, '2023-01-15 11:47:45', '2023-01-15 12:28:25', '1897987454', 'New York', '414-444-4447', 'United States of America', '1541 Peanut holder', '765441');
INSERT INTO employerr.contact (id, created_at, last_edited_at, bank_account, city, phone, state, street, zip_code) VALUES (6, '2023-01-15 11:48:47', '2023-01-15 12:28:25', '015151311', 'New York', '123-648-0179', 'United States of America', '1547 Cats are our lords', '154785');
INSERT INTO employerr.contact (id, created_at, last_edited_at, bank_account, city, phone, state, street, zip_code) VALUES (7, '2023-01-15 11:49:25', '2023-01-15 12:28:25', '123144811', 'Los Angles', '101-022-5447', 'United States of America', '9874 Simple Street', '153786');
INSERT INTO employerr.contact (id, created_at, last_edited_at, bank_account, city, phone, state, street, zip_code) VALUES (8, '2023-01-15 11:52:30', '2023-01-15 12:28:25', '548965111', 'Miami', '132-879-7444', 'United States of America', '98774 Hardcore Street', '2465465');
INSERT INTO employerr.contact (id, created_at, last_edited_at, bank_account, city, phone, state, street, zip_code) VALUES (9, '2023-01-15 11:53:00', '2023-01-15 12:28:25', '1235487899', 'Dorkville', '987-421-1211', 'United States of America', '214 Mediocre Street', '12354');
INSERT INTO employerr.contact (id, created_at, last_edited_at, bank_account, city, phone, state, street, zip_code) VALUES (10, '2023-01-15 11:53:22', '2023-01-15 12:28:25', '3548915115', 'Doucheville', '464-479-1561', 'United States of America', '7651 Madeup street', '515478');
INSERT INTO employerr.contact (id, created_at, last_edited_at, bank_account, city, phone, state, street, zip_code) VALUES (11, '2023-01-15 11:53:56', '2023-01-15 12:28:25', '1654949189', 'Pisston', '487-454-4577', 'United States of America', '7464 It''s hard to exist street', '12314');
INSERT INTO employerr.contact (id, created_at, last_edited_at, bank_account, city, phone, state, street, zip_code) VALUES (12, '2023-01-15 11:55:06', '2023-01-15 12:28:25', '3165489798', 'Praha', '734978744', 'Czech Republic', 'Arm치dn칤 674/11', '404');
INSERT INTO employerr.contact (id, created_at, last_edited_at, bank_account, city, phone, state, street, zip_code) VALUES (13, '2023-01-15 11:55:38', '2023-01-15 12:28:25', '0231596489', 'Brno', '606784987', 'Czech Republic', 'Korektn칤 877/77', '602 01');
INSERT INTO employerr.contact (id, created_at, last_edited_at, bank_account, city, phone, state, street, zip_code) VALUES (14, '2023-01-15 11:57:10', '2023-01-15 12:28:25', '6517978987', null, null, null, null, null);
INSERT INTO employerr.user_activation_token (id, created_at, last_edited_at, expire_date, token, token_used, user_id) VALUES (1, '2023-01-15 11:45:12', '2023-01-15 13:53:07', '2023-02-14 12:45:12', '81a44756-6141-47e2-a347-4f402e950502', true, 2);
INSERT INTO employerr.user_activation_token (id, created_at, last_edited_at, expire_date, token, token_used, user_id) VALUES (2, '2023-01-15 11:46:19', '2023-01-15 13:53:07', '2023-02-14 12:46:19', 'a1f20ea0-b450-4f86-803c-a57fa59be7c5', true, 3);
INSERT INTO employerr.user_activation_token (id, created_at, last_edited_at, expire_date, token, token_used, user_id) VALUES (3, '2023-01-15 11:47:07', '2023-01-15 13:53:07', '2023-02-14 12:47:07', '474d91e3-3e19-4f4d-8b35-90fde7c1f147', true, 4);
INSERT INTO employerr.user_activation_token (id, created_at, last_edited_at, expire_date, token, token_used, user_id) VALUES (4, '2023-01-15 11:47:45', '2023-01-15 13:53:07', '2023-02-14 12:47:45', '8f2d4704-a40b-4b87-b871-8910aab3a3a7', true, 5);
INSERT INTO employerr.user_activation_token (id, created_at, last_edited_at, expire_date, token, token_used, user_id) VALUES (5, '2023-01-15 11:48:47', '2023-01-15 13:53:07', '2023-02-14 12:48:47', '594e9b74-13ea-4c89-9e15-f0c9934eb8ad', true, 6);
INSERT INTO employerr.user_activation_token (id, created_at, last_edited_at, expire_date, token, token_used, user_id) VALUES (6, '2023-01-15 11:49:25', '2023-01-15 13:53:07', '2023-02-14 12:49:25', '8dca13f1-f986-499b-87a4-3a89f1f7631e', true, 7);
INSERT INTO employerr.user_activation_token (id, created_at, last_edited_at, expire_date, token, token_used, user_id) VALUES (7, '2023-01-15 11:52:30', '2023-01-15 13:53:07', '2023-02-14 12:52:30', '53130255-29a7-45c5-bdc8-1a63b3c14705', true, 8);
INSERT INTO employerr.user_activation_token (id, created_at, last_edited_at, expire_date, token, token_used, user_id) VALUES (8, '2023-01-15 11:53:00', '2023-01-15 13:53:07', '2023-02-14 12:53:00', 'c0718aaa-4aec-4992-9560-e28cf8fcff2d', true, 9);
INSERT INTO employerr.user_activation_token (id, created_at, last_edited_at, expire_date, token, token_used, user_id) VALUES (9, '2023-01-15 11:53:22', '2023-01-15 13:53:07', '2023-02-14 12:53:22', '1f846f3e-c543-478b-b1ec-79e724551790', true, 10);
INSERT INTO employerr.user_activation_token (id, created_at, last_edited_at, expire_date, token, token_used, user_id) VALUES (10, '2023-01-15 11:53:56', '2023-01-15 13:53:07', '2023-02-14 12:53:56', '86a9b9c7-1fd7-4764-923f-0fcf411bdf2a', true, 11);
INSERT INTO employerr.user_activation_token (id, created_at, last_edited_at, expire_date, token, token_used, user_id) VALUES (11, '2023-01-15 11:55:06', '2023-01-15 13:53:07', '2023-02-14 12:55:06', '8289940d-cab2-4f71-a433-b8c7d168ed32', true, 12);
INSERT INTO employerr.user_activation_token (id, created_at, last_edited_at, expire_date, token, token_used, user_id) VALUES (12, '2023-01-15 11:55:38', '2023-01-15 13:53:07', '2023-02-14 12:55:38', '3b5d550d-4424-4c81-81e0-b3c213ae4dec', true, 13);
INSERT INTO employerr.user_activation_token (id, created_at, last_edited_at, expire_date, token, token_used, user_id) VALUES (13, '2023-01-15 11:57:10', '2023-01-15 13:53:07', '2023-02-14 12:57:10', 'f84373b5-50ae-4c2e-9f68-7adb66d3441c', true, 14);
INSERT INTO employerr.email (id, created_at, last_edited_at, content, reply_to, subject, send_to_id) VALUES (1, '2023-01-15 11:45:12', '2023-01-15 11:45:12', 'Activate your account at this link: http://localhost:8080/activateUser/81a44756-6141-47e2-a347-4f402e950502', 'no-reply@employerr.com', 'New account activation on Employerr platform', 2);
INSERT INTO employerr.email (id, created_at, last_edited_at, content, reply_to, subject, send_to_id) VALUES (2, '2023-01-15 11:46:19', '2023-01-15 11:46:19', 'Activate your account at this link: http://localhost:8080/activateUser/a1f20ea0-b450-4f86-803c-a57fa59be7c5', 'no-reply@employerr.com', 'New account activation on Employerr platform', 3);
INSERT INTO employerr.email (id, created_at, last_edited_at, content, reply_to, subject, send_to_id) VALUES (3, '2023-01-15 11:47:07', '2023-01-15 11:47:07', 'Activate your account at this link: http://localhost:8080/activateUser/474d91e3-3e19-4f4d-8b35-90fde7c1f147', 'no-reply@employerr.com', 'New account activation on Employerr platform', 4);
INSERT INTO employerr.email (id, created_at, last_edited_at, content, reply_to, subject, send_to_id) VALUES (4, '2023-01-15 11:47:45', '2023-01-15 11:47:45', 'Activate your account at this link: http://localhost:8080/activateUser/8f2d4704-a40b-4b87-b871-8910aab3a3a7', 'no-reply@employerr.com', 'New account activation on Employerr platform', 5);
INSERT INTO employerr.email (id, created_at, last_edited_at, content, reply_to, subject, send_to_id) VALUES (5, '2023-01-15 11:48:47', '2023-01-15 11:48:47', 'Activate your account at this link: http://localhost:8080/activateUser/594e9b74-13ea-4c89-9e15-f0c9934eb8ad', 'no-reply@employerr.com', 'New account activation on Employerr platform', 6);
INSERT INTO employerr.email (id, created_at, last_edited_at, content, reply_to, subject, send_to_id) VALUES (6, '2023-01-15 11:49:25', '2023-01-15 11:49:25', 'Activate your account at this link: http://localhost:8080/activateUser/8dca13f1-f986-499b-87a4-3a89f1f7631e', 'no-reply@employerr.com', 'New account activation on Employerr platform', 7);
INSERT INTO employerr.email (id, created_at, last_edited_at, content, reply_to, subject, send_to_id) VALUES (7, '2023-01-15 11:52:30', '2023-01-15 11:52:30', 'Activate your account at this link: http://localhost:8080/activateUser/53130255-29a7-45c5-bdc8-1a63b3c14705', 'no-reply@employerr.com', 'New account activation on Employerr platform', 8);
INSERT INTO employerr.email (id, created_at, last_edited_at, content, reply_to, subject, send_to_id) VALUES (8, '2023-01-15 11:53:00', '2023-01-15 11:53:00', 'Activate your account at this link: http://localhost:8080/activateUser/c0718aaa-4aec-4992-9560-e28cf8fcff2d', 'no-reply@employerr.com', 'New account activation on Employerr platform', 9);
INSERT INTO employerr.email (id, created_at, last_edited_at, content, reply_to, subject, send_to_id) VALUES (9, '2023-01-15 11:53:22', '2023-01-15 11:53:22', 'Activate your account at this link: http://localhost:8080/activateUser/1f846f3e-c543-478b-b1ec-79e724551790', 'no-reply@employerr.com', 'New account activation on Employerr platform', 10);
INSERT INTO employerr.email (id, created_at, last_edited_at, content, reply_to, subject, send_to_id) VALUES (10, '2023-01-15 11:53:56', '2023-01-15 11:53:56', 'Activate your account at this link: http://localhost:8080/activateUser/86a9b9c7-1fd7-4764-923f-0fcf411bdf2a', 'no-reply@employerr.com', 'New account activation on Employerr platform', 11);
INSERT INTO employerr.email (id, created_at, last_edited_at, content, reply_to, subject, send_to_id) VALUES (11, '2023-01-15 11:55:06', '2023-01-15 11:55:06', 'Activate your account at this link: http://localhost:8080/activateUser/8289940d-cab2-4f71-a433-b8c7d168ed32', 'no-reply@employerr.com', 'New account activation on Employerr platform', 12);
INSERT INTO employerr.email (id, created_at, last_edited_at, content, reply_to, subject, send_to_id) VALUES (12, '2023-01-15 11:55:38', '2023-01-15 11:55:38', 'Activate your account at this link: http://localhost:8080/activateUser/3b5d550d-4424-4c81-81e0-b3c213ae4dec', 'no-reply@employerr.com', 'New account activation on Employerr platform', 13);
INSERT INTO employerr.email (id, created_at, last_edited_at, content, reply_to, subject, send_to_id) VALUES (13, '2023-01-15 11:57:10', '2023-01-15 11:57:10', 'Activate your account at this link: http://localhost:8080/activateUser/f84373b5-50ae-4c2e-9f68-7adb66d3441c', 'no-reply@employerr.com', 'New account activation on Employerr platform', 14);
INSERT INTO employerr.project (id, created_at, last_edited_at, description, name, project_info, url, project_owner_id) VALUES (1, '2023-01-15 12:30:42', '2023-01-15 12:36:25', 'This project focuses on creating ads and correctly marketing our product.', 'Employerr - Marketing', 'In addition url can be https://www.facebook.com or other social media sites.', 'https://www.employerr.com', 5);
INSERT INTO employerr.project (id, created_at, last_edited_at, description, name, project_info, url, project_owner_id) VALUES (2, '2023-01-15 12:33:05', '2023-01-15 12:36:32', 'This project deals with new designs for our website system. ', 'Employerr - Design', 'You can access our tools at https://www.inside.employerr.com/legitimateSoftware', 'https://www.employerr.com', 4);
INSERT INTO employerr.project (id, created_at, last_edited_at, description, name, project_info, url, project_owner_id) VALUES (3, '2023-01-15 12:34:42', '2023-01-15 12:36:41', 'Main goal of this project is to create fully working system, which can handle all user requirements for managing own company', 'Employerr - Development', 'Additionally you can download IDE license key from https://www.inside.employerr.com/idekeys', 'https://github.com/slabys/ppro-project', 3);
INSERT INTO employerr.project (id, created_at, last_edited_at, description, name, project_info, url, project_owner_id) VALUES (4, '2023-01-15 12:35:34', '2023-01-15 12:36:46', 'This project is dealing with managing platform employerr', 'Lead of Employerr', 'This project is only for managers / leaders of the project', 'https://www.employerr.com', 2);
INSERT INTO employerr.project (id, created_at, last_edited_at, description, name, project_info, url, project_owner_id) VALUES (5, '2023-01-15 12:47:44', '2023-01-15 12:47:56', 'This is project that focuses on good communication with clients.', 'Employerr - Client communication', 'You can also use ticket system at https://www.ticketsclient.employerr.com', 'https://www.comunicate.employerr.com', 5);
INSERT INTO employerr.project (id, created_at, last_edited_at, description, name, project_info, url, project_owner_id) VALUES (6, '2023-01-15 13:29:27', '2023-01-15 13:29:27', 'This project is WIP', 'Facebook fanpage', '', 'https://www.facebook.com', null);
INSERT INTO employerr.task (id, created_at, last_edited_at, completed, completed_at, content, name, assigned_to_project_id, completed_by_id, created_by_id) VALUES (1, '2023-01-15 13:08:58', '2023-01-15 13:08:58', false, null, '<h2>We should consider firing few of our workers</h2><p>Please consider which employee is more useless and decide who we should fire. This matter is urgent so please act quickly.</p><p>Who should be fired by my opinion:</p><ol><li>Andrej Posko츿콗il&nbsp;</li><li>Jeff Mead</li></ol>', 'Employee reduction', 4, null, 2);
INSERT INTO employerr.task (id, created_at, last_edited_at, completed, completed_at, content, name, assigned_to_project_id, completed_by_id, created_by_id) VALUES (2, '2023-01-15 13:10:57', '2023-01-15 13:12:15', true, '2023-01-15 14:12:15', '<p>Create and publish platform that we can use for communication with our clients.</p>', 'Estabilish communication platform', 5, 2, 2);
INSERT INTO employerr.task (id, created_at, last_edited_at, completed, completed_at, content, name, assigned_to_project_id, completed_by_id, created_by_id) VALUES (3, '2023-01-15 13:14:39', '2023-01-15 13:14:39', false, null, '<p>Someone has to manually test all our features. Get it done you lazy... !</p>', 'Debug platform', 3, null, 3);
INSERT INTO employerr.task (id, created_at, last_edited_at, completed, completed_at, content, name, assigned_to_project_id, completed_by_id, created_by_id) VALUES (4, '2023-01-15 13:20:52', '2023-01-15 13:20:52', false, null, '<h1>We have to create page</h1><p>Page is going to show how much each employee managed to rip off our boss.</p>', 'Create money summary', 3, null, 3);
INSERT INTO employerr.task (id, created_at, last_edited_at, completed, completed_at, content, name, assigned_to_project_id, completed_by_id, created_by_id) VALUES (5, '2023-01-15 13:22:12', '2023-01-15 13:22:12', false, null, '<p>We have to make new design - send my your submissions</p>', 'New design of employerr', 2, null, 4);
INSERT INTO employerr.task (id, created_at, last_edited_at, completed, completed_at, content, name, assigned_to_project_id, completed_by_id, created_by_id) VALUES (6, '2023-01-15 13:22:42', '2023-01-15 13:22:42', false, null, '<p>We should remake our ad billboards. Send me your work.</p>', 'New design for ads', 2, null, 4);
INSERT INTO employerr.task (id, created_at, last_edited_at, completed, completed_at, content, name, assigned_to_project_id, completed_by_id, created_by_id) VALUES (7, '2023-01-15 13:23:19', '2023-01-15 13:23:19', false, null, '<p>MS Paint is not enough. We need something better. Send me your ideas.</p>', 'Buy new software', 2, null, 4);
INSERT INTO employerr.task (id, created_at, last_edited_at, completed, completed_at, content, name, assigned_to_project_id, completed_by_id, created_by_id) VALUES (8, '2023-01-15 13:25:40', '2023-01-15 13:25:40', false, null, '<h3>Let''s have easter eggs on our site.&nbsp;</h3><h4>Please make graphical design for these things:</h4><p>My ideas:</p><ul><li>Cats, lot''s of cats</li><li>Random gifs</li><li>Demo accounts with funny names</li><li>Random cat gifs!</li><li>More cats!</li></ul>', 'Easter eggs?', 2, null, 4);
INSERT INTO employerr.task (id, created_at, last_edited_at, completed, completed_at, content, name, assigned_to_project_id, completed_by_id, created_by_id) VALUES (9, '2023-01-15 13:40:45', '2023-01-15 13:40:45', false, null, '<h3>We should prepare new ads for facebook</h3><p>Ads should contain:</p><ul><li>Company name</li><li>Company logo</li><li>Link for our platform</li><li>Contact</li></ul>', 'New ads', 1, null, 5);
INSERT INTO employerr.task (id, created_at, last_edited_at, completed, completed_at, content, name, assigned_to_project_id, completed_by_id, created_by_id) VALUES (10, '2023-01-15 13:41:35', '2023-01-15 13:41:35', false, null, '<p>We need new slogan. Send your ideas in comments please.</p>', 'Ideas for slogan', 1, null, 5);
INSERT INTO employerr.task (id, created_at, last_edited_at, completed, completed_at, content, name, assigned_to_project_id, completed_by_id, created_by_id) VALUES (11, '2023-01-15 13:42:13', '2023-01-15 13:42:13', false, null, '<p>We can use tiktok as new advertisement platform.</p>', 'Start advertising on Tiktok', 1, null, 5);
INSERT INTO employerr.task (id, created_at, last_edited_at, completed, completed_at, content, name, assigned_to_project_id, completed_by_id, created_by_id) VALUES (12, '2023-01-15 13:42:54', '2023-01-15 13:42:54', false, null, '<p>We have to solve issues around google ad system</p>', 'Google ads', 1, null, 5);
INSERT INTO employerr.task (id, created_at, last_edited_at, completed, completed_at, content, name, assigned_to_project_id, completed_by_id, created_by_id) VALUES (13, '2023-01-15 13:43:58', '2023-01-15 13:44:17', true, '2023-01-15 14:44:17', '<p>Someone was asking about ad targeting on our platform.. What is that? Should we care? I''ve send message to developers to take care of it</p>', 'Ad targeting', 1, 5, 5);
INSERT INTO employerr.user_project (user_id, project_id) VALUES (5, 4);
INSERT INTO employerr.user_project (user_id, project_id) VALUES (4, 2);
INSERT INTO employerr.user_project (user_id, project_id) VALUES (3, 4);
INSERT INTO employerr.user_project (user_id, project_id) VALUES (5, 1);
INSERT INTO employerr.user_project (user_id, project_id) VALUES (4, 4);
INSERT INTO employerr.user_project (user_id, project_id) VALUES (3, 3);
INSERT INTO employerr.user_project (user_id, project_id) VALUES (10, 1);
INSERT INTO employerr.user_project (user_id, project_id) VALUES (8, 3);
INSERT INTO employerr.user_project (user_id, project_id) VALUES (12, 3);
INSERT INTO employerr.user_project (user_id, project_id) VALUES (10, 3);
INSERT INTO employerr.user_project (user_id, project_id) VALUES (13, 1);
INSERT INTO employerr.user_project (user_id, project_id) VALUES (8, 1);
INSERT INTO employerr.user_project (user_id, project_id) VALUES (6, 5);
INSERT INTO employerr.user_project (user_id, project_id) VALUES (2, 5);
INSERT INTO employerr.user_project (user_id, project_id) VALUES (2, 4);
INSERT INTO employerr.user_project (user_id, project_id) VALUES (5, 5);
INSERT INTO employerr.user_project (user_id, project_id) VALUES (3, 5);
INSERT INTO employerr.user_project (user_id, project_id) VALUES (13, 5);
INSERT INTO employerr.user_project (user_id, project_id) VALUES (6, 1);
INSERT INTO employerr.user_project (user_id, project_id) VALUES (14, 5);
INSERT INTO employerr.user_project (user_id, project_id) VALUES (7, 5);
INSERT INTO employerr.user_project (user_id, project_id) VALUES (9, 3);
INSERT INTO employerr.user_project (user_id, project_id) VALUES (10, 2);
INSERT INTO employerr.user_project (user_id, project_id) VALUES (9, 2);
INSERT INTO employerr.user_project (user_id, project_id) VALUES (6, 2);
INSERT INTO employerr.user_project (user_id, project_id) VALUES (11, 2);
INSERT INTO employerr.user_project (user_id, project_id) VALUES (7, 2);
INSERT INTO employerr.user_project (user_id, project_id) VALUES (2, 6);
INSERT INTO employerr.comment (id, created_at, last_edited_at, content, deleted, created_by_id) VALUES (1, '2023-01-15 13:09:58', '2023-01-15 13:09:58', '<p>Please <strong>don''t</strong> make this information public as it could harm our platform</p>', false, 2);
INSERT INTO employerr.comment (id, created_at, last_edited_at, content, deleted, created_by_id) VALUES (2, '2023-01-15 13:12:08', '2023-01-15 13:12:08', '<p>Done! 九덢잺</p>', false, 2);
INSERT INTO employerr.comment (id, created_at, last_edited_at, content, deleted, created_by_id) VALUES (3, '2023-01-15 13:16:10', '2023-01-15 13:16:10', '<p>Don''t make me yell! Go work!&nbsp;</p><p>Just kidding, don''t take me seriously - not even description of task. I''m little bit ill on my brain &nbsp;&nbsp;</p>', false, 3);
INSERT INTO employerr.comment (id, created_at, last_edited_at, content, deleted, created_by_id) VALUES (4, '2023-01-15 13:17:19', '2023-01-15 13:17:19', '<p>Sure boss! I vote for Andrej, he is pain in the ass.</p>', false, 3);
INSERT INTO employerr.comment (id, created_at, last_edited_at, content, deleted, created_by_id) VALUES (5, '2023-01-15 13:21:17', '2023-01-15 13:21:17', '<p>Martina 말mrav치, please do this task. Thanks!</p>', false, 3);
INSERT INTO employerr.comment (id, created_at, last_edited_at, content, deleted, created_by_id) VALUES (6, '2023-01-15 13:23:48', '2023-01-15 13:23:48', '<p>I''m thinking of something like MS Paint 3D, what do you think?</p>', false, 4);
INSERT INTO employerr.comment (id, created_at, last_edited_at, content, deleted, created_by_id) VALUES (7, '2023-01-15 13:25:59', '2023-01-15 13:25:59', '<p>I''m funny hehe</p>', false, 4);
INSERT INTO employerr.comment (id, created_at, last_edited_at, content, deleted, created_by_id) VALUES (8, '2023-01-15 13:26:33', '2023-01-15 13:26:33', '<p>Let''s fire Russel - he is pretty much useless.</p>', false, 4);
INSERT INTO employerr.comment (id, created_at, last_edited_at, content, deleted, created_by_id) VALUES (9, '2023-01-15 13:35:19', '2023-01-15 13:35:19', '<p>Yeah fire Russell, he breaks system a lot!</p>', false, 1);
INSERT INTO employerr.comment (id, created_at, last_edited_at, content, deleted, created_by_id) VALUES (10, '2023-01-15 13:36:40', '2023-01-15 13:36:40', '<p>Yey. Let''s add few more to unemployed heap. Great decision.</p>', false, 5);
INSERT INTO employerr.comment (id, created_at, last_edited_at, content, deleted, created_by_id) VALUES (11, '2023-01-15 13:37:58', '2023-01-15 13:37:58', '<p>Guys come on, be professionals. Company needs to solve this issue as quick as possible.</p>', false, 2);
INSERT INTO employerr.comment (id, created_at, last_edited_at, content, deleted, created_by_id) VALUES (12, '2023-01-15 13:44:14', '2023-01-15 13:44:14', '<p>Solved by devs</p>', false, 5);
INSERT INTO employerr.comment (id, created_at, last_edited_at, content, deleted, created_by_id) VALUES (13, '2023-01-15 13:45:22', '2023-01-15 13:45:22', '<p>Going to take care of that! I know what is the issue.</p>', false, 6);
INSERT INTO employerr.comment (id, created_at, last_edited_at, content, deleted, created_by_id) VALUES (14, '2023-01-15 13:46:05', '2023-01-15 13:46:05', '<p>Employerr is love, Employerr is life!</p>', false, 6);
INSERT INTO employerr.comment (id, created_at, last_edited_at, content, deleted, created_by_id) VALUES (15, '2023-01-15 13:47:11', '2023-01-15 13:47:11', '<p>Sure, yes you are. I''m going to do it. Again 游</p>', false, 6);
INSERT INTO employerr.comment (id, created_at, last_edited_at, content, deleted, created_by_id) VALUES (16, '2023-01-15 13:48:38', '2023-01-15 13:48:38', '<p>Dude! Adobe Photoshop please. I can''t work in this crappy MS Paint anymore. Don''t you even think about buying something from MS.</p>', false, 7);
INSERT INTO employerr.comment (id, created_at, last_edited_at, content, deleted, created_by_id) VALUES (17, '2023-01-15 13:48:55', '2023-01-15 13:48:55', '<h1>JUST DON''T</h1>', false, 7);
INSERT INTO employerr.comment (id, created_at, last_edited_at, content, deleted, created_by_id) VALUES (18, '2023-01-15 13:49:52', '2023-01-15 13:49:52', '<p>My 10 years old son uses TikTok. Come on... this is terrible idea.</p>', false, 8);
INSERT INTO employerr.comment (id, created_at, last_edited_at, content, deleted, created_by_id) VALUES (19, '2023-01-15 13:50:21', '2023-01-15 13:50:21', '<h3>Working on it.&nbsp;</h3><p>Deadline?</p>', false, 8);
INSERT INTO employerr.comment (id, created_at, last_edited_at, content, deleted, created_by_id) VALUES (20, '2023-01-15 13:51:07', '2023-01-15 13:51:07', '<p>Nearly done!</p>', false, 9);
INSERT INTO employerr.task_comments (task_id, task_comment_id) VALUES (1, 10);
INSERT INTO employerr.task_comments (task_id, task_comment_id) VALUES (2, 2);
INSERT INTO employerr.task_comments (task_id, task_comment_id) VALUES (3, 3);
INSERT INTO employerr.task_comments (task_id, task_comment_id) VALUES (1, 8);
INSERT INTO employerr.task_comments (task_id, task_comment_id) VALUES (4, 5);
INSERT INTO employerr.task_comments (task_id, task_comment_id) VALUES (7, 16);
INSERT INTO employerr.task_comments (task_id, task_comment_id) VALUES (8, 7);
INSERT INTO employerr.task_comments (task_id, task_comment_id) VALUES (1, 1);
INSERT INTO employerr.task_comments (task_id, task_comment_id) VALUES (1, 4);
INSERT INTO employerr.task_comments (task_id, task_comment_id) VALUES (1, 9);
INSERT INTO employerr.task_comments (task_id, task_comment_id) VALUES (1, 11);
INSERT INTO employerr.task_comments (task_id, task_comment_id) VALUES (13, 12);
INSERT INTO employerr.task_comments (task_id, task_comment_id) VALUES (12, 13);
INSERT INTO employerr.task_comments (task_id, task_comment_id) VALUES (10, 14);
INSERT INTO employerr.task_comments (task_id, task_comment_id) VALUES (8, 15);
INSERT INTO employerr.task_comments (task_id, task_comment_id) VALUES (7, 6);
INSERT INTO employerr.task_comments (task_id, task_comment_id) VALUES (7, 17);
INSERT INTO employerr.task_comments (task_id, task_comment_id) VALUES (11, 18);
INSERT INTO employerr.task_comments (task_id, task_comment_id) VALUES (3, 19);
INSERT INTO employerr.task_comments (task_id, task_comment_id) VALUES (5, 20);
INSERT INTO employerr.task_time (id, created_at, last_edited_at, end_time, start_time, project_id, task_id, user_id) VALUES (1, '2023-01-15 13:09:19', '2023-01-15 13:09:19', '2023-01-15 15:09:08', '2023-01-15 14:09:08', 4, 1, 2);
INSERT INTO employerr.task_time (id, created_at, last_edited_at, end_time, start_time, project_id, task_id, user_id) VALUES (2, '2023-01-15 13:11:30', '2023-01-15 13:11:30', '2023-01-02 20:15:04', '2023-01-01 18:11:03', 5, 2, 2);
INSERT INTO employerr.task_time (id, created_at, last_edited_at, end_time, start_time, project_id, task_id, user_id) VALUES (3, '2023-01-15 13:14:46', '2023-01-15 13:14:46', '2023-01-15 15:14:41', '2023-01-15 14:14:41', 3, 3, 3);
INSERT INTO employerr.task_time (id, created_at, last_edited_at, end_time, start_time, project_id, task_id, user_id) VALUES (4, '2023-01-15 13:16:43', '2023-01-15 13:16:43', '2023-01-02 14:18:42', '2023-01-02 14:16:28', 4, 1, 3);
INSERT INTO employerr.task_time (id, created_at, last_edited_at, end_time, start_time, project_id, task_id, user_id) VALUES (5, '2023-01-15 13:23:56', '2023-01-15 13:23:56', '2023-01-15 14:35:48', '2023-01-15 14:19:48', 2, 7, 4);
INSERT INTO employerr.task_time (id, created_at, last_edited_at, end_time, start_time, project_id, task_id, user_id) VALUES (6, '2023-01-15 13:24:11', '2023-01-15 13:24:11', '2023-01-15 14:23:57', '2023-01-14 23:23:57', 2, 7, 4);
INSERT INTO employerr.task_time (id, created_at, last_edited_at, end_time, start_time, project_id, task_id, user_id) VALUES (7, '2023-01-15 13:26:48', '2023-01-15 13:26:48', '2023-01-15 14:26:34', '2023-01-15 14:18:34', 4, 1, 4);
INSERT INTO employerr.task_time (id, created_at, last_edited_at, end_time, start_time, project_id, task_id, user_id) VALUES (8, '2023-01-15 13:36:49', '2023-01-15 13:36:49', '2023-01-15 14:37:46', '2023-01-15 14:36:46', 4, 1, 5);
INSERT INTO employerr.task_time (id, created_at, last_edited_at, end_time, start_time, project_id, task_id, user_id) VALUES (9, '2023-01-15 13:38:27', '2023-01-15 13:38:27', '2023-01-13 10:48:11', '2023-01-13 10:37:58', 4, 1, 2);
INSERT INTO employerr.task_time (id, created_at, last_edited_at, end_time, start_time, project_id, task_id, user_id) VALUES (10, '2023-01-15 13:45:27', '2023-01-15 13:45:27', '2023-01-15 18:45:22', '2023-01-15 14:45:22', 1, 12, 6);
INSERT INTO employerr.task_time (id, created_at, last_edited_at, end_time, start_time, project_id, task_id, user_id) VALUES (11, '2023-01-15 13:46:10', '2023-01-15 13:46:10', '2023-01-15 14:49:05', '2023-01-15 14:46:05', 1, 10, 6);
INSERT INTO employerr.task_time (id, created_at, last_edited_at, end_time, start_time, project_id, task_id, user_id) VALUES (12, '2023-01-15 13:47:30', '2023-01-15 13:47:30', '2023-01-15 20:32:32', '2023-01-15 19:54:10', 2, 8, 6);
INSERT INTO employerr.task_time (id, created_at, last_edited_at, end_time, start_time, project_id, task_id, user_id) VALUES (13, '2023-01-15 13:49:05', '2023-01-15 13:49:05', '2023-01-15 14:55:56', '2023-01-15 14:52:56', 2, 7, 7);
INSERT INTO employerr.task_time (id, created_at, last_edited_at, end_time, start_time, project_id, task_id, user_id) VALUES (14, '2023-01-15 13:50:58', '2023-01-15 13:50:58', '2023-01-15 17:50:50', '2023-01-15 16:50:50', 2, 5, 9);
INSERT INTO employerr.task_time (id, created_at, last_edited_at, end_time, start_time, project_id, task_id, user_id) VALUES (15, '2023-01-15 13:51:30', '2023-01-15 13:51:30', '2023-01-10 02:09:01', '2023-01-09 18:02:04', 2, 5, 9);
